{"stat.drop.srparasites.lurecomponent1":2,"stat.leaveGame":1,"stat.craftItem.minecraft.cooked_porkchop":13,"stat.mineBlock.minecraft.cobblestone":18,"stat.pickup.minecraft.stone_pickaxe":2,"stat.pickup.minecraft.stone_axe":2,"stat.craftItem.minecraft.coal":18,"stat.jump":370,"stat.swimOneCm":18191,"stat.pickup.minecraft.coal":3,"stat.fallOneCm":5916,"stat.useItem.minecraft.planks":7,"stat.pickup.minecraft.cooked_porkchop":9,"stat.useItem.minecraft.stone_axe":117,"stat.pickup.minecraft.porkchop":21,"stat.pickup.minecraft.gunpowder":4,"stat.crouchOneCm":48007,"stat.pickup.minecraft.glass":2,"stat.craftItem.minecraft.torch":4,"stat.pickup.minecraft.dirt":1,"stat.useItem.minecraft.stone_slab2":21,"stat.craftingTableInteraction":9,"stat.pickup.minecraft.rotten_flesh":14,"stat.pickup.minecraft.sand":7,"stat.craftItem.minecraft.furnace":2,"stat.useItem.minecraft.sapling":3,"stat.pickup.minecraft.iron_axe":1,"stat.craftItem.minecraft.stone_axe":2,"stat.mineBlock.minecraft.log2":37,"stat.drop.minecraft.double_plant":1,"stat.pickup.minecraft.leather":4,"stat.damageTaken":1956,"stat.craftItem.minecraft.stone_pickaxe":1,"stat.mineBlock.minecraft.furnace":3,"stat.mineBlock.minecraft.torch":1,"stat.useItem.minecraft.wooden_pickaxe":59,"stat.craftItem.minecraft.cooked_beef":6,"stat.pickup.minecraft.cobblestone":79,"stat.pickup.srparasites.assimilated_flesh":2,"stat.pickup.minecraft.log2":40,"stat.pickup.minecraft.planks":17,"stat.flyOneCm":54894,"stat.pickup.minecraft.wheat_seeds":1,"stat.mineBlock.minecraft.sand":11,"stat.drop.minecraft.wheat_seeds":1,"stat.entityKilledBy.Zombie":1,"stat.useItem.minecraft.stone_pickaxe":41,"stat.useItem.minecraft.cooked_beef":6,"stat.pickup.quark.tallow":30,"stat.damageDealt":4811,"stat.craftItem.minecraft.glass":7,"stat.timeSinceDeath":0,"stat.killEntity.Cow":4,"stat.mineBlock.minecraft.dirt":2,"stat.killEntity.VindicationIllager":1,"stat.craftItem.minecraft.wooden_pickaxe":1,"stat.killEntity.Pig":7,"stat.pickup.minecraft.mutton":10,"stat.pickup.minecraft.double_plant":1,"stat.walkOneCm":64313,"stat.useItem.minecraft.torch":3,"stat.craftItem.minecraft.glass_pane":16,"stat.pickup.minecraft.stick":3,"stat.craftItem.quark.custom_chest":2,"stat.pickup.minecraft.crafting_table":2,"stat.useItem.minecraft.log":2,"stat.useItem.minecraft.cobblestone":45,"stat.furnaceInteraction":23,"stat.craftItem.minecraft.crafting_table":1,"stat.mineBlock.minecraft.double_plant":1,"stat.useItem.minecraft.cooked_porkchop":6,"stat.killEntity.ZombieVillager":2,"stat.pickup.srparasites.lurecomponent2":1,"stat.pickup.srparasites.lurecomponent1":2,"stat.killEntity.Creeper":2,"stat.pickup.minecraft.log":3,"stat.pickup.minecraft.beef":6,"stat.pickup.minecraft.furnace":5,"stat.useItem.minecraft.cooked_mutton":1,"stat.craftItem.minecraft.stone_slab2":0,"stat.pickup.minecraft.sapling":6,"stat.sprintOneCm":88820,"stat.pickup.minecraft.cooked_beef":10,"stat.drop.srparasites.assimilated_flesh":1,"stat.craftItem.minecraft.stick":12,"stat.useItem.minecraft.glass_pane":15,"stat.mineBlock.overlast.red_leaves":8,"stat.craftItem.minecraft.planks":44,"stat.mineBlock.minecraft.crafting_table":2,"stat.mobKills":36,"stat.pickup.minecraft.emerald":1,"stat.mineBlock.minecraft.log":3,"stat.mineBlock.minecraft.planks":7,"stat.deaths":4,"stat.drop":5,"stat.playOneMinute":36959,"stat.pickup.minecraft.torch":1,"stat.killEntity.Sheep":7,"stat.sneakTime":14795,"stat.killEntity.Zombie":7,"stat.mineBlock.minecraft.stone":60,"stat.mineBlock.minecraft.tallgrass":5,"stat.craftItem.minecraft.cooked_mutton":10,"stat.diveOneCm":4526,"stat.pickup.minecraft.cooked_mutton":10}